{
  "timestamp": "20251230_155607",
  "true_tau": -0.5939274545753773,
  "n": 2000,
  "methods": [
    "ht",
    "hajek",
    "haipw-truth",
    "haipw-one",
    "haipw-cov-truth",
    "haipw-cov-one",
    "linear",
    "lasso",
    "gat-linear",
    "gat-lasso"
  ],
  "summary": {
    "ht": {
      "bias": -0.11900013708512969,
      "sd": 0.36895554247677836,
      "rmse": 0.3876715426112851,
      "n_valid": 50
    },
    "hajek": {
      "bias": -0.022636895487983977,
      "sd": 0.1629096873768213,
      "rmse": 0.1644749077474967,
      "n_valid": 50
    },
    "haipw-truth": {
      "bias": 0.07749571795504728,
      "sd": 0.19473559880100452,
      "rmse": 0.2095889781017934,
      "n_valid": 50
    },
    "haipw-one": {
      "bias": -0.00209115808938376,
      "sd": 0.15253340763415912,
      "rmse": 0.15254774133576463,
      "n_valid": 50
    },
    "haipw-cov-truth": {
      "bias": 0.09235589501392305,
      "sd": 0.24546434824380214,
      "rmse": 0.2622639083110319,
      "n_valid": 50
    },
    "haipw-cov-one": {
      "bias": -0.01797179248391856,
      "sd": 0.14448688515193123,
      "rmse": 0.14560029294610777,
      "n_valid": 50
    },
    "linear": {
      "bias": 0.007089393296180191,
      "sd": 0.1371157433181503,
      "rmse": 0.137298894980975,
      "n_valid": 50
    },
    "lasso": {
      "bias": 0.013619305200595733,
      "sd": 0.14016464471281093,
      "rmse": 0.14082476025761767,
      "n_valid": 50
    },
    "gat-linear": {
      "bias": 0.033093254207799294,
      "sd": 0.13015576941124368,
      "rmse": 0.13429701331412722,
      "n_valid": 50
    },
    "gat-lasso": {
      "bias": 0.061033046020503745,
      "sd": 0.14046793956782458,
      "rmse": 0.15315441473549155,
      "n_valid": 50
    }
  }
}