{
  "timestamp": "20251230_185120",
  "true_tau": -0.5939274545753773,
  "n": 2000,
  "methods": [
    "ht",
    "hajek",
    "haipw-truth",
    "haipw-one",
    "haipw-cov-truth",
    "haipw-cov-one",
    "linear",
    "lasso",
    "gat-linear",
    "gat-lasso"
  ],
  "summary": {
    "ht": {
      "bias": -0.17723949772696712,
      "sd": 0.4336461454820902,
      "rmse": 0.46846858917752604,
      "n_valid": 50
    },
    "hajek": {
      "bias": -0.04323306799639137,
      "sd": 0.17012539524989503,
      "rmse": 0.17553275556805234,
      "n_valid": 50
    },
    "haipw-truth": {
      "bias": 0.0506576758242121,
      "sd": 0.25601778779476153,
      "rmse": 0.2609814318821063,
      "n_valid": 50
    },
    "haipw-one": {
      "bias": -0.020653448650408857,
      "sd": 0.17768069302144876,
      "rmse": 0.17887703489754458,
      "n_valid": 50
    },
    "haipw-cov-truth": {
      "bias": 0.15669586907679006,
      "sd": 0.27836770962596696,
      "rmse": 0.3194404125156008,
      "n_valid": 50
    },
    "haipw-cov-one": {
      "bias": -0.0193455201775925,
      "sd": 0.13212779177853567,
      "rmse": 0.13353652126371165,
      "n_valid": 50
    },
    "linear": {
      "bias": -0.006212011030742981,
      "sd": 0.1370618207827929,
      "rmse": 0.13720252110417108,
      "n_valid": 50
    },
    "lasso": {
      "bias": 0.0032988953268395793,
      "sd": 0.13785297566642057,
      "rmse": 0.13789244218036095,
      "n_valid": 50
    },
    "gat-linear": {
      "bias": 0.028399550241114735,
      "sd": 0.12635799470932255,
      "rmse": 0.12951014354427529,
      "n_valid": 50
    },
    "gat-lasso": {
      "bias": 0.06966406870722375,
      "sd": 0.12347784043062585,
      "rmse": 0.14177397344454973,
      "n_valid": 50
    }
  }
}