{
  "timestamp": "20251230_222441",
  "true_tau": -0.5939274545753773,
  "n": 2000,
  "methods": [
    "ht",
    "hajek",
    "haipw-truth",
    "haipw-one",
    "haipw-cov-truth",
    "haipw-cov-one",
    "linear",
    "lasso",
    "gat-linear",
    "gat-lasso",
    "pna-linear",
    "pna-lasso"
  ],
  "summary": {
    "ht": {
      "bias": -0.0382228220616041,
      "sd": 0.39992954821009963,
      "rmse": 0.40175194792046426,
      "n_valid": 50
    },
    "hajek": {
      "bias": -0.004903188358379551,
      "sd": 0.14271274784505295,
      "rmse": 0.1427969525359817,
      "n_valid": 50
    },
    "haipw-truth": {
      "bias": 0.09238170978723359,
      "sd": 0.2102246742526205,
      "rmse": 0.22962751134790677,
      "n_valid": 50
    },
    "haipw-one": {
      "bias": -0.01017992827438341,
      "sd": 0.14519940042793966,
      "rmse": 0.1455558203037747,
      "n_valid": 50
    },
    "haipw-cov-truth": {
      "bias": 0.31316831047854626,
      "sd": 0.42753503703162044,
      "rmse": 0.5299628275432308,
      "n_valid": 50
    },
    "haipw-cov-one": {
      "bias": 0.006993945484693009,
      "sd": 0.12998768229433663,
      "rmse": 0.13017569981258503,
      "n_valid": 50
    },
    "linear": {
      "bias": 0.026656596233262997,
      "sd": 0.12382552745974262,
      "rmse": 0.12666228867909612,
      "n_valid": 50
    },
    "lasso": {
      "bias": 0.016766854582093038,
      "sd": 0.11246712443680107,
      "rmse": 0.11371007647372308,
      "n_valid": 50
    },
    "gat-linear": {
      "bias": 0.04786100645926761,
      "sd": 0.10930578740431185,
      "rmse": 0.11932489723176247,
      "n_valid": 50
    },
    "gat-lasso": {
      "bias": 0.10143932765265024,
      "sd": 0.11314396229515543,
      "rmse": 0.15195885429440853,
      "n_valid": 50
    },
    "pna-linear": {
      "bias": -0.00024401152210806742,
      "sd": 0.09925899300114706,
      "rmse": 0.09925929293131541,
      "n_valid": 50
    },
    "pna-lasso": {
      "bias": 0.010623627196055474,
      "sd": 0.08834493074290425,
      "rmse": 0.08898139267717334,
      "n_valid": 50
    }
  },
  "r2_summary": {
    "linear": {
      "mean": 0.5284086403895378,
      "std": 0.009343578533145568
    },
    "gat": {
      "mean": 0.32037331827490656,
      "std": 0.07089006038153496
    },
    "pna": {
      "mean": 0.6614862634655212,
      "std": 0.015203163697322958
    }
  }
}