{
  "timestamp": "20251230_173626",
  "true_tau": -0.5939274545753773,
  "n": 2000,
  "methods": [
    "ht",
    "hajek",
    "haipw-truth",
    "haipw-one",
    "haipw-cov-truth",
    "haipw-cov-one",
    "linear",
    "lasso",
    "gat-linear",
    "gat-lasso"
  ],
  "summary": {
    "ht": {
      "bias": -0.11859599187456549,
      "sd": 0.4729852836215223,
      "rmse": 0.48762699659805947,
      "n_valid": 50
    },
    "hajek": {
      "bias": -0.018685482207787985,
      "sd": 0.18463381254526692,
      "rmse": 0.18557691661502065,
      "n_valid": 50
    },
    "haipw-truth": {
      "bias": 0.11507934382950774,
      "sd": 0.28728188895487555,
      "rmse": 0.3094739715997316,
      "n_valid": 50
    },
    "haipw-one": {
      "bias": 0.014572335988271568,
      "sd": 0.15077542535328275,
      "rmse": 0.15147799136052212,
      "n_valid": 50
    },
    "haipw-cov-truth": {
      "bias": 0.18321875207871924,
      "sd": 0.3158043022424545,
      "rmse": 0.36510473624444634,
      "n_valid": 50
    },
    "haipw-cov-one": {
      "bias": 0.02913813188830483,
      "sd": 0.13613154518850945,
      "rmse": 0.13921504345921615,
      "n_valid": 50
    },
    "linear": {
      "bias": 0.03632245151854452,
      "sd": 0.13479746004007126,
      "rmse": 0.1396054286823103,
      "n_valid": 50
    },
    "lasso": {
      "bias": 0.036383542325490126,
      "sd": 0.13731686194577555,
      "rmse": 0.14205521013600983,
      "n_valid": 50
    },
    "gat-linear": {
      "bias": 0.046189783647497706,
      "sd": 0.1268974988498219,
      "rmse": 0.13504247971561836,
      "n_valid": 50
    },
    "gat-lasso": {
      "bias": 0.09852899819824229,
      "sd": 0.1233739276411791,
      "rmse": 0.1578894851076541,
      "n_valid": 50
    }
  }
}