{
  "timestamp": "20251230_162929",
  "true_tau": -0.5939274545753773,
  "n": 2000,
  "methods": [
    "ht",
    "hajek",
    "haipw-truth",
    "haipw-one",
    "haipw-cov-truth",
    "haipw-cov-one",
    "linear",
    "lasso",
    "gat-linear",
    "gat-lasso"
  ],
  "summary": {
    "ht": {
      "bias": -0.0653151271423229,
      "sd": 0.40270363336133547,
      "rmse": 0.4079660306398545,
      "n_valid": 50
    },
    "hajek": {
      "bias": -0.015960176530028458,
      "sd": 0.1649765518489285,
      "rmse": 0.16574676435705124,
      "n_valid": 50
    },
    "haipw-truth": {
      "bias": 0.077740167451817,
      "sd": 0.24748328227743868,
      "rmse": 0.2594060690158404,
      "n_valid": 50
    },
    "haipw-one": {
      "bias": -0.012549019406560502,
      "sd": 0.17679132417741875,
      "rmse": 0.17723614245540156,
      "n_valid": 50
    },
    "haipw-cov-truth": {
      "bias": 0.1561041181188531,
      "sd": 0.3007958797055631,
      "rmse": 0.3388903317321231,
      "n_valid": 50
    },
    "haipw-cov-one": {
      "bias": -0.019222390347770513,
      "sd": 0.15790954080403896,
      "rmse": 0.15907521292654148,
      "n_valid": 50
    },
    "linear": {
      "bias": 0.008727351666926397,
      "sd": 0.14243894388797124,
      "rmse": 0.142706059447519,
      "n_valid": 50
    },
    "lasso": {
      "bias": 0.021675972293130785,
      "sd": 0.14220046899956323,
      "rmse": 0.14384304348333402,
      "n_valid": 50
    },
    "gat-linear": {
      "bias": 0.03308037552847687,
      "sd": 0.13845951587777275,
      "rmse": 0.1423564146156128,
      "n_valid": 50
    },
    "gat-lasso": {
      "bias": 0.07422403016289658,
      "sd": 0.12484475634838547,
      "rmse": 0.1452426240513105,
      "n_valid": 50
    }
  }
}