{
  "timestamp": "20251230_212107",
  "true_tau": -0.5939274545753773,
  "n": 2000,
  "methods": [
    "ht",
    "hajek",
    "haipw-truth",
    "haipw-one",
    "haipw-cov-truth",
    "haipw-cov-one",
    "linear",
    "lasso",
    "gat-linear",
    "gat-lasso",
    "pna-linear",
    "pna-lasso"
  ],
  "summary": {
    "ht": {
      "bias": -0.07850297143362917,
      "sd": 0.35433688128152313,
      "rmse": 0.3629288387001306,
      "n_valid": 50
    },
    "hajek": {
      "bias": -0.03693644490882819,
      "sd": 0.18641151362853636,
      "rmse": 0.1900356634313278,
      "n_valid": 50
    },
    "haipw-truth": {
      "bias": 0.02236764515211831,
      "sd": 0.20000048340672175,
      "rmse": 0.20124737243644567,
      "n_valid": 50
    },
    "haipw-one": {
      "bias": -0.026702799150936984,
      "sd": 0.16051479562404813,
      "rmse": 0.1627207396023175,
      "n_valid": 50
    },
    "haipw-cov-truth": {
      "bias": 0.1869838233199707,
      "sd": 0.3515653081067289,
      "rmse": 0.3981973330492474,
      "n_valid": 50
    },
    "haipw-cov-one": {
      "bias": -0.01995850835508084,
      "sd": 0.11741697230881093,
      "rmse": 0.11910116473791474,
      "n_valid": 50
    },
    "linear": {
      "bias": 0.004467448230464743,
      "sd": 0.11423141818648207,
      "rmse": 0.1143187429715129,
      "n_valid": 50
    },
    "lasso": {
      "bias": -0.003587568591923107,
      "sd": 0.10594440094014469,
      "rmse": 0.10600512600326403,
      "n_valid": 50
    },
    "gat-linear": {
      "bias": 0.03553496224540742,
      "sd": 0.13214473448105712,
      "rmse": 0.13683919172828968,
      "n_valid": 50
    },
    "gat-lasso": {
      "bias": 0.09047149022907952,
      "sd": 0.12940349286326494,
      "rmse": 0.1578934910295022,
      "n_valid": 50
    },
    "pna-linear": {
      "bias": 0.0019266389959258223,
      "sd": 0.08855901230002809,
      "rmse": 0.08857996724642174,
      "n_valid": 50
    },
    "pna-lasso": {
      "bias": 0.012187717375336082,
      "sd": 0.0734029719274669,
      "rmse": 0.07440790779618497,
      "n_valid": 50
    }
  },
  "r2_summary": {
    "linear": {
      "mean": 0.5150486687578494,
      "std": 0.007659489402540891
    },
    "gat": {
      "mean": 0.37549688430597356,
      "std": 0.07644825281443654
    },
    "pna": {
      "mean": 0.6432553263235259,
      "std": 0.014959732296078875
    }
  }
}