{
  "timestamp": "20251230_021717",
  "true_tau": -0.5939274545753773,
  "n": 2000,
  "methods": [
    "ht",
    "hajek",
    "haipw-truth",
    "haipw-one",
    "linear",
    "lasso",
    "mlp",
    "gat-linear",
    "gat-lasso",
    "gat-mlp"
  ],
  "summary": {
    "ht": {
      "bias": 0.003029123185946503,
      "sd": 0.3811900543343141,
      "rmse": 0.38120208959379137,
      "n_valid": 100
    },
    "hajek": {
      "bias": 0.012999094983070614,
      "sd": 0.1635201889435146,
      "rmse": 0.16403605903124352,
      "n_valid": 100
    },
    "haipw-truth": {
      "bias": 0.06981417215120744,
      "sd": 0.2749316521203872,
      "rmse": 0.28365724381866936,
      "n_valid": 100
    },
    "haipw-one": {
      "bias": 0.015063516847707015,
      "sd": 0.16039480090513683,
      "rmse": 0.16110059496233908,
      "n_valid": 100
    },
    "linear": {
      "bias": 0.03687674068013769,
      "sd": 0.10516831759187178,
      "rmse": 0.1114462607192136,
      "n_valid": 100
    },
    "lasso": {
      "bias": 0.029842192184510674,
      "sd": 0.09868223727118802,
      "rmse": 0.10309578258699198,
      "n_valid": 100
    },
    "mlp": {
      "bias": 0.024051176579723665,
      "sd": 0.19804060124647618,
      "rmse": 0.1994957113246669,
      "n_valid": 100
    },
    "gat-linear": {
      "bias": 0.030452949674161123,
      "sd": 0.10347961289258681,
      "rmse": 0.10786756893643523,
      "n_valid": 100
    },
    "gat-lasso": {
      "bias": 0.04135297687791595,
      "sd": 0.09620501599211434,
      "rmse": 0.1047161582503313,
      "n_valid": 100
    },
    "gat-mlp": {
      "bias": 0.032042747716871545,
      "sd": 0.14222701160241866,
      "rmse": 0.1457918396571002,
      "n_valid": 100
    }
  }
}