{
  "timestamp": "20251230_152420",
  "true_tau": -0.5939274545753773,
  "n": 2000,
  "methods": [
    "ht",
    "hajek",
    "haipw-truth",
    "haipw-one",
    "linear",
    "lasso",
    "gat-linear",
    "gat-lasso"
  ],
  "summary": {
    "ht": {
      "bias": 0.034075430943606544,
      "sd": 0.472177480059707,
      "rmse": 0.4734054368820953,
      "n_valid": 25
    },
    "hajek": {
      "bias": 0.06596860552369932,
      "sd": 0.19252696822691734,
      "rmse": 0.20351533212362624,
      "n_valid": 25
    },
    "haipw-truth": {
      "bias": 0.12804177962319147,
      "sd": 0.26594659263771425,
      "rmse": 0.295164847948878,
      "n_valid": 25
    },
    "haipw-one": {
      "bias": 0.06667413068270045,
      "sd": 0.15533963255886873,
      "rmse": 0.16904390301285097,
      "n_valid": 25
    },
    "linear": {
      "bias": 0.08819501378800321,
      "sd": 0.16355315738810752,
      "rmse": 0.18581710294987688,
      "n_valid": 25
    },
    "lasso": {
      "bias": 0.09272692178599284,
      "sd": 0.15546965226149462,
      "rmse": 0.18102235993991375,
      "n_valid": 25
    },
    "gat-linear": {
      "bias": 0.08652171669460884,
      "sd": 0.11340204009949734,
      "rmse": 0.14263951121099006,
      "n_valid": 25
    },
    "gat-lasso": {
      "bias": 0.11308454325157319,
      "sd": 0.10316670535813134,
      "rmse": 0.1530734562779204,
      "n_valid": 25
    }
  }
}