{
  "timestamp": "20251230_202315",
  "true_tau": -0.5939274545753773,
  "n": 2000,
  "methods": [
    "ht",
    "hajek",
    "haipw-truth",
    "haipw-one",
    "haipw-cov-truth",
    "haipw-cov-one",
    "linear",
    "lasso",
    "gat-linear",
    "gat-lasso",
    "pna-linear",
    "pna-lasso"
  ],
  "summary": {
    "ht": {
      "bias": -0.02198126655043975,
      "sd": 0.3435067574095891,
      "rmse": 0.34420933814353694,
      "n_valid": 50
    },
    "hajek": {
      "bias": 0.006033419569975829,
      "sd": 0.1564588322257819,
      "rmse": 0.1565751204156099,
      "n_valid": 50
    },
    "haipw-truth": {
      "bias": 0.0768171058675754,
      "sd": 0.19921452880522078,
      "rmse": 0.21351181756745086,
      "n_valid": 50
    },
    "haipw-one": {
      "bias": 0.0173743052977533,
      "sd": 0.11988459040003197,
      "rmse": 0.12113703603755119,
      "n_valid": 50
    },
    "haipw-cov-truth": {
      "bias": 0.17186070933241826,
      "sd": 0.3971189667239576,
      "rmse": 0.4327118869919634,
      "n_valid": 50
    },
    "haipw-cov-one": {
      "bias": 0.0205009329420327,
      "sd": 0.14050469215888062,
      "rmse": 0.1419924532154985,
      "n_valid": 50
    },
    "linear": {
      "bias": 0.0465937364826714,
      "sd": 0.13337970305929459,
      "rmse": 0.14128383300152292,
      "n_valid": 50
    },
    "lasso": {
      "bias": 0.04076332532945315,
      "sd": 0.13281492745110365,
      "rmse": 0.13892967158154793,
      "n_valid": 50
    },
    "gat-linear": {
      "bias": 0.049964803874076646,
      "sd": 0.10936724013973388,
      "rmse": 0.12024007169807062,
      "n_valid": 50
    },
    "gat-lasso": {
      "bias": 0.1047658954143984,
      "sd": 0.12061885955771916,
      "rmse": 0.15976483381202963,
      "n_valid": 50
    },
    "pna-linear": {
      "bias": 0.02797844146256101,
      "sd": 0.08257534098695615,
      "rmse": 0.08718646756111888,
      "n_valid": 50
    },
    "pna-lasso": {
      "bias": 0.026948875928397786,
      "sd": 0.08561031906016772,
      "rmse": 0.08975170551798943,
      "n_valid": 50
    }
  },
  "r2_summary": {
    "linear": {
      "mean": 0.1253159151148227,
      "std": 0.007183722126497266
    },
    "gat": {
      "mean": 0.25512422867506956,
      "std": 0.05407872357538089
    },
    "pna": {
      "mean": 0.5165419269994124,
      "std": 0.017857536006996404
    }
  }
}