{
  "timestamp": "20251230_193838",
  "true_tau": -0.5939274545753773,
  "n": 2000,
  "methods": [
    "ht",
    "hajek",
    "haipw-truth",
    "haipw-one",
    "haipw-cov-truth",
    "haipw-cov-one",
    "linear",
    "lasso",
    "gat-linear",
    "gat-lasso",
    "pna-linear",
    "pna-lasso"
  ],
  "summary": {
    "ht": {
      "bias": 0.028489265445349243,
      "sd": 0.41327621784241597,
      "rmse": 0.4142570101757454,
      "n_valid": 20
    },
    "hajek": {
      "bias": 0.03219616093913724,
      "sd": 0.19157392082015115,
      "rmse": 0.19426054647721025,
      "n_valid": 20
    },
    "haipw-truth": {
      "bias": 0.13548214817810011,
      "sd": 0.2489321274637729,
      "rmse": 0.28341244954763856,
      "n_valid": 20
    },
    "haipw-one": {
      "bias": 0.03679479974962907,
      "sd": 0.1851989009449233,
      "rmse": 0.18881867015690695,
      "n_valid": 20
    },
    "haipw-cov-truth": {
      "bias": 0.3006497611842859,
      "sd": 0.3339903628484551,
      "rmse": 0.44937717051026393,
      "n_valid": 20
    },
    "haipw-cov-one": {
      "bias": 0.011791027514606922,
      "sd": 0.17172807961174683,
      "rmse": 0.17213239572198102,
      "n_valid": 20
    },
    "linear": {
      "bias": 0.05625625891507424,
      "sd": 0.1695309573848465,
      "rmse": 0.17862114146691177,
      "n_valid": 20
    },
    "lasso": {
      "bias": 0.05998349147227766,
      "sd": 0.17598282663093998,
      "rmse": 0.18592464741991657,
      "n_valid": 20
    },
    "gat-linear": {
      "bias": 0.060171825321643224,
      "sd": 0.15759447496550244,
      "rmse": 0.16869104037319443,
      "n_valid": 20
    },
    "gat-lasso": {
      "bias": 0.10896233001417716,
      "sd": 0.11989167586582093,
      "rmse": 0.1620086519419056,
      "n_valid": 20
    },
    "pna-linear": {
      "bias": 0.023241254409270495,
      "sd": 0.12342493176844846,
      "rmse": 0.12559406709141396,
      "n_valid": 20
    },
    "pna-lasso": {
      "bias": 0.03146813201768728,
      "sd": 0.12284833382105297,
      "rmse": 0.12681465394539962,
      "n_valid": 20
    }
  },
  "r2_summary": {
    "linear": {
      "mean": 0.12513480947318428,
      "std": 0.009159768492774261
    },
    "gat": {
      "mean": 0.2755572623012732,
      "std": 0.04782753145000098
    },
    "pna": {
      "mean": 0.5183833925520877,
      "std": 0.017578134177250525
    }
  }
}