{
  "timestamp": "20251231_001312",
  "true_tau": -0.3712560477528211,
  "n": 2000,
  "methods": [
    "ht",
    "hajek",
    "haipw-truth",
    "haipw-one",
    "haipw-cov-truth",
    "haipw-cov-one",
    "linear",
    "lasso",
    "pna-linear",
    "pna-lasso"
  ],
  "summary": {
    "ht": {
      "bias": 0.03722100962769975,
      "sd": 0.45888047329364995,
      "rmse": 0.4603875458001764,
      "n_valid": 100
    },
    "hajek": {
      "bias": 0.027007258329965644,
      "sd": 0.2012761972136378,
      "rmse": 0.20308003241895722,
      "n_valid": 100
    },
    "haipw-truth": {
      "bias": 0.03815969037659911,
      "sd": 0.19547243218472315,
      "rmse": 0.19916233005729045,
      "n_valid": 100
    },
    "haipw-one": {
      "bias": 0.0287440904334878,
      "sd": 0.19406962690841892,
      "rmse": 0.19618675496378812,
      "n_valid": 100
    },
    "haipw-cov-truth": {
      "bias": -0.005694508014463584,
      "sd": 0.04213608006645802,
      "rmse": 0.04251913292735108,
      "n_valid": 100
    },
    "haipw-cov-one": {
      "bias": 0.0034017412672034952,
      "sd": 0.02809970221811823,
      "rmse": 0.028304860155031922,
      "n_valid": 100
    },
    "linear": {
      "bias": 0.0021965873788768464,
      "sd": 0.04794083890898132,
      "rmse": 0.04799113492521237,
      "n_valid": 100
    },
    "lasso": {
      "bias": 0.01896055194040336,
      "sd": 0.024923005306911418,
      "rmse": 0.031315470991397656,
      "n_valid": 100
    },
    "pna-linear": {
      "bias": -0.0021674303384393023,
      "sd": 0.036517357011219005,
      "rmse": 0.03658162267254984,
      "n_valid": 100
    },
    "pna-lasso": {
      "bias": 0.015092475231792524,
      "sd": 0.02362613312098891,
      "rmse": 0.02803528089520346,
      "n_valid": 100
    }
  },
  "r2_summary": {
    "linear": {
      "mean": 0.9810146291593097,
      "std": 0.0005001434037923701
    },
    "pna": {
      "mean": 0.965374670148995,
      "std": 0.012862554097773978
    }
  }
}