{
  "timestamp": "20251231_004613",
  "true_tau": -0.3712560477528211,
  "n": 2000,
  "methods": [
    "ht",
    "hajek",
    "haipw-truth",
    "haipw-one",
    "haipw-cov-truth",
    "haipw-cov-one",
    "linear",
    "lasso",
    "pna-linear",
    "pna-lasso"
  ],
  "summary": {
    "ht": {
      "bias": -0.0037395508536035016,
      "sd": 0.4760685219714521,
      "rmse": 0.47608320895896933,
      "n_valid": 100
    },
    "hajek": {
      "bias": -0.017507456958729073,
      "sd": 0.19275207965022795,
      "rmse": 0.19354553794559454,
      "n_valid": 100
    },
    "haipw-truth": {
      "bias": -0.007793936811745283,
      "sd": 0.1916264438451131,
      "rmse": 0.1917848780059308,
      "n_valid": 100
    },
    "haipw-one": {
      "bias": -0.01520488831387945,
      "sd": 0.1924565031616418,
      "rmse": 0.1930561945078287,
      "n_valid": 100
    },
    "haipw-cov-truth": {
      "bias": -0.01020098376848444,
      "sd": 0.08546216231859666,
      "rmse": 0.0860688169897498,
      "n_valid": 100
    },
    "haipw-cov-one": {
      "bias": -0.005901865357056835,
      "sd": 0.08264266503167293,
      "rmse": 0.08285313571754617,
      "n_valid": 100
    },
    "linear": {
      "bias": -0.00870445012833887,
      "sd": 0.0838800430888045,
      "rmse": 0.0843304753965993,
      "n_valid": 100
    },
    "lasso": {
      "bias": 0.012006175923738593,
      "sd": 0.07679179025363782,
      "rmse": 0.0777246891963581,
      "n_valid": 100
    },
    "pna-linear": {
      "bias": -9.184791719452079e-05,
      "sd": 0.05964853379668067,
      "rmse": 0.05964860451120084,
      "n_valid": 100
    },
    "pna-lasso": {
      "bias": 0.01596608341554001,
      "sd": 0.05645798245469683,
      "rmse": 0.05867213650862594,
      "n_valid": 100
    }
  },
  "r2_summary": {
    "linear": {
      "mean": 0.7661238442940089,
      "std": 0.004219958023480175
    },
    "pna": {
      "mean": 0.8542434902576322,
      "std": 0.00705022009726222
    }
  }
}