{
  "timestamp": "20251230_231758",
  "true_tau": -0.3712560477528211,
  "n": 2000,
  "methods": [
    "ht",
    "hajek",
    "haipw-truth",
    "haipw-one",
    "haipw-cov-truth",
    "haipw-cov-one",
    "linear",
    "lasso",
    "gat-linear",
    "gat-lasso",
    "pna-linear",
    "pna-lasso"
  ],
  "summary": {
    "ht": {
      "bias": -0.06705899710261704,
      "sd": 0.3704058382271569,
      "rmse": 0.37642714313020986,
      "n_valid": 20
    },
    "hajek": {
      "bias": 0.035599511175683995,
      "sd": 0.17515785293018254,
      "rmse": 0.17873891193318567,
      "n_valid": 20
    },
    "haipw-truth": {
      "bias": 0.05300564708762773,
      "sd": 0.18046973877988032,
      "rmse": 0.1880928633373855,
      "n_valid": 20
    },
    "haipw-one": {
      "bias": 0.050836566382151505,
      "sd": 0.1787561825673866,
      "rmse": 0.1858443684581046,
      "n_valid": 20
    },
    "haipw-cov-truth": {
      "bias": -0.006063473843064104,
      "sd": 0.09595200427617304,
      "rmse": 0.09614339727542527,
      "n_valid": 20
    },
    "haipw-cov-one": {
      "bias": -0.003216058981103276,
      "sd": 0.08767441842332462,
      "rmse": 0.08773338407492405,
      "n_valid": 20
    },
    "linear": {
      "bias": -0.00818902001166999,
      "sd": 0.08541734286371572,
      "rmse": 0.08580898851897217,
      "n_valid": 20
    },
    "lasso": {
      "bias": 0.0037544544490408227,
      "sd": 0.0823210608922377,
      "rmse": 0.08240663198210099,
      "n_valid": 20
    },
    "gat-linear": {
      "bias": -0.008366578427612348,
      "sd": 0.14722172396375285,
      "rmse": 0.1474592677367036,
      "n_valid": 20
    },
    "gat-lasso": {
      "bias": 0.037350089998982705,
      "sd": 0.14544886351940367,
      "rmse": 0.15016790976110117,
      "n_valid": 20
    },
    "pna-linear": {
      "bias": 0.005479107875367706,
      "sd": 0.07334812184410638,
      "rmse": 0.07355248195110613,
      "n_valid": 20
    },
    "pna-lasso": {
      "bias": 0.021161584955757706,
      "sd": 0.06272095243340826,
      "rmse": 0.06619464141449528,
      "n_valid": 20
    }
  },
  "r2_summary": {
    "linear": {
      "mean": 0.765814287931877,
      "std": 0.004029640572806517
    },
    "gat": {
      "mean": 0.21045759490763075,
      "std": 0.09841417225891999
    },
    "pna": {
      "mean": 0.8506078957226915,
      "std": 0.011248292618649163
    }
  }
}