{
  "timestamp": "20251230_124832",
  "true_tau": -0.3712560477528211,
  "n": 2000,
  "methods": [
    "ht",
    "hajek",
    "haipw-truth",
    "haipw-one",
    "linear",
    "lasso",
    "mlp",
    "gat-linear",
    "gat-lasso",
    "gat-mlp"
  ],
  "summary": {
    "ht": {
      "bias": -0.009713386229532439,
      "sd": 0.4891675499247448,
      "rmse": 0.48926397963821305,
      "n_valid": 100
    },
    "hajek": {
      "bias": 0.001478999140589965,
      "sd": 0.20198554516032408,
      "rmse": 0.20199095992685215,
      "n_valid": 100
    },
    "haipw-truth": {
      "bias": 0.002094271339382392,
      "sd": 0.19780213761815169,
      "rmse": 0.1978132240745122,
      "n_valid": 100
    },
    "haipw-one": {
      "bias": -0.0008340346516446662,
      "sd": 0.19768244920430797,
      "rmse": 0.19768420861873096,
      "n_valid": 100
    },
    "linear": {
      "bias": 0.004016142066633255,
      "sd": 0.046642486751286,
      "rmse": 0.04681507201151432,
      "n_valid": 100
    },
    "lasso": {
      "bias": 0.01688108688930512,
      "sd": 0.023873388385875095,
      "rmse": 0.029238840052011383,
      "n_valid": 100
    },
    "mlp": {
      "bias": 0.011360304196850413,
      "sd": 0.05902506793754442,
      "rmse": 0.06010836178500218,
      "n_valid": 100
    },
    "gat-linear": {
      "bias": 0.004223293379221504,
      "sd": 0.04963793187581663,
      "rmse": 0.04981727097980367,
      "n_valid": 100
    },
    "gat-lasso": {
      "bias": 0.015691922125551094,
      "sd": 0.043980149163849604,
      "rmse": 0.04669571651092658,
      "n_valid": 100
    },
    "gat-mlp": {
      "bias": 0.006512243431589404,
      "sd": 0.17042174092047338,
      "rmse": 0.17054612013434148,
      "n_valid": 100
    }
  }
}