{
  "timestamp": "20251231_012725",
  "true_tau": -0.3712560477528211,
  "n": 2000,
  "methods": [
    "ht",
    "hajek",
    "haipw-truth",
    "haipw-one",
    "haipw-cov-truth",
    "haipw-cov-one",
    "linear",
    "lasso",
    "pna-linear",
    "pna-lasso"
  ],
  "summary": {
    "ht": {
      "bias": 0.0073902447459088805,
      "sd": 0.46355270232992846,
      "rmse": 0.4636116085203041,
      "n_valid": 100
    },
    "hajek": {
      "bias": -0.024675726579474144,
      "sd": 0.18738770035881713,
      "rmse": 0.18900540131962051,
      "n_valid": 100
    },
    "haipw-truth": {
      "bias": -0.015580109755844396,
      "sd": 0.18484523096465524,
      "rmse": 0.185500671778786,
      "n_valid": 100
    },
    "haipw-one": {
      "bias": -0.02189273405426423,
      "sd": 0.18360947848450354,
      "rmse": 0.18491006569065438,
      "n_valid": 100
    },
    "haipw-cov-truth": {
      "bias": -0.026291557571047286,
      "sd": 0.17299894533194676,
      "rmse": 0.17498537391872954,
      "n_valid": 100
    },
    "haipw-cov-one": {
      "bias": -0.027680571118844588,
      "sd": 0.17280389942735913,
      "rmse": 0.1750068617933773,
      "n_valid": 100
    },
    "linear": {
      "bias": -0.004863301884867111,
      "sd": 0.1709630333630686,
      "rmse": 0.17103219136152426,
      "n_valid": 100
    },
    "lasso": {
      "bias": -0.009894493701152307,
      "sd": 0.16502890609701254,
      "rmse": 0.1653252577592992,
      "n_valid": 100
    },
    "pna-linear": {
      "bias": 0.005043429243400732,
      "sd": 0.08880157975131286,
      "rmse": 0.0889446836233733,
      "n_valid": 100
    },
    "pna-lasso": {
      "bias": 0.015660016151955225,
      "sd": 0.08405546389757304,
      "rmse": 0.08550179598649202,
      "n_valid": 100
    }
  },
  "r2_summary": {
    "linear": {
      "mean": 0.14208118029852973,
      "std": 0.002939397989449189
    },
    "pna": {
      "mean": 0.7930264989342138,
      "std": 0.005974057411631189
    }
  }
}