{
  "timestamp": "20251230_230212",
  "true_tau": -0.3712560477528211,
  "n": 2000,
  "methods": [
    "ht",
    "hajek",
    "haipw-truth",
    "haipw-one",
    "haipw-cov-truth",
    "haipw-cov-one",
    "linear",
    "lasso",
    "gat-linear",
    "gat-lasso",
    "pna-linear",
    "pna-lasso"
  ],
  "summary": {
    "ht": {
      "bias": -0.07638028680392872,
      "sd": 0.6012840856985344,
      "rmse": 0.6061159129461731,
      "n_valid": 20
    },
    "hajek": {
      "bias": -0.016060603431978182,
      "sd": 0.23275812187431605,
      "rmse": 0.23331156482493154,
      "n_valid": 20
    },
    "haipw-truth": {
      "bias": -0.004974366693866417,
      "sd": 0.22274890166843744,
      "rmse": 0.222804437833945,
      "n_valid": 20
    },
    "haipw-one": {
      "bias": -0.006963946667873477,
      "sd": 0.22002494862843483,
      "rmse": 0.2201351279831058,
      "n_valid": 20
    },
    "haipw-cov-truth": {
      "bias": -0.015498297500352642,
      "sd": 0.04527631407802808,
      "rmse": 0.04785542646243664,
      "n_valid": 20
    },
    "haipw-cov-one": {
      "bias": 0.001319942104820615,
      "sd": 0.033812450807044446,
      "rmse": 0.03383820439590255,
      "n_valid": 20
    },
    "linear": {
      "bias": 0.0046832230813951825,
      "sd": 0.044284562646082146,
      "rmse": 0.044531506455372544,
      "n_valid": 20
    },
    "lasso": {
      "bias": 0.018866977900012072,
      "sd": 0.03334480947146322,
      "rmse": 0.03831238929860323,
      "n_valid": 20
    },
    "gat-linear": {
      "bias": -0.009819922535755088,
      "sd": 0.10386748095681018,
      "rmse": 0.10433064975797648,
      "n_valid": 20
    },
    "gat-lasso": {
      "bias": 0.03460234170280224,
      "sd": 0.10382050958664937,
      "rmse": 0.10943500473865317,
      "n_valid": 20
    },
    "pna-linear": {
      "bias": -0.012552223377461535,
      "sd": 0.03653904790289692,
      "rmse": 0.03863496257753963,
      "n_valid": 20
    },
    "pna-lasso": {
      "bias": 0.013161105038414389,
      "sd": 0.026696643311261096,
      "rmse": 0.029764499826485886,
      "n_valid": 20
    }
  },
  "r2_summary": {
    "linear": {
      "mean": 0.9810499572601918,
      "std": 0.00044934163053338675
    },
    "gat": {
      "mean": 0.40763088721335566,
      "std": 0.11730694109667844
    },
    "pna": {
      "mean": 0.9668552718351595,
      "std": 0.014145058452350019
    }
  }
}